"Path","Width","Height","KB"
"C:\Users\ZannonJames\OneDrive - Quintana Minerals Corporation\Documents\proj\mason-wild-netlify\public\journeys\the-social-shift\SH (1).jpeg","445","669","476.4"
"C:\Users\ZannonJames\OneDrive - Quintana Minerals Corporation\Documents\proj\mason-wild-netlify\public\journal\cape-town-gay-capital-of-africa\city.png","513","423","425.7"
"C:\Users\ZannonJames\OneDrive - Quintana Minerals Corporation\Documents\proj\mason-wild-netlify\public\journeys\the-classic\PineApple House  (1).png","524","497","557"
"C:\Users\ZannonJames\OneDrive - Quintana Minerals Corporation\Documents\proj\mason-wild-netlify\public\branding\mason-wild-monogram.png","549","181","40.8"
"C:\Users\ZannonJames\OneDrive - Quintana Minerals Corporation\Documents\proj\mason-wild-netlify\public\journeys\the-romantic\MN 3 .png","569","695","754.6"
"C:\Users\ZannonJames\OneDrive - Quintana Minerals Corporation\Documents\proj\mason-wild-netlify\public\journeys\the-romantic\MN 4.png","575","717","766.5"
"C:\Users\ZannonJames\OneDrive - Quintana Minerals Corporation\Documents\proj\mason-wild-netlify\public\journeys\the-romantic\MN1.png","577","704","656.4"
"C:\Users\ZannonJames\OneDrive - Quintana Minerals Corporation\Documents\proj\mason-wild-netlify\public\journeys\the-classic\collage-mbano-helicopter-falls.jpg","590","390","47.3"
"C:\Users\ZannonJames\OneDrive - Quintana Minerals Corporation\Documents\proj\mason-wild-netlify\public\journeys\the-social-shift\SH (1).jpg","600","539","286.7"
"C:\Users\ZannonJames\OneDrive - Quintana Minerals Corporation\Documents\proj\mason-wild-netlify\public\journeys\the-social-shift\SH (2).jpeg","600","739","341.7"
"C:\Users\ZannonJames\OneDrive - Quintana Minerals Corporation\Documents\proj\mason-wild-netlify\public\journeys\the-social-shift\SH (6).jpeg","600","752","348"
"C:\Users\ZannonJames\OneDrive - Quintana Minerals Corporation\Documents\proj\mason-wild-netlify\public\branding\mason-wild-mw-green-transparent.png","605","213","36.4"
"C:\Users\ZannonJames\OneDrive - Quintana Minerals Corporation\Documents\proj\mason-wild-netlify\public\journeys\the-classic\pineapple-house-suite.jpg","612","612","53.7"
"C:\Users\ZannonJames\OneDrive - Quintana Minerals Corporation\Documents\proj\mason-wild-netlify\public\journeys\the-untamed\8.jpg","683","1024","71.1"
"C:\Users\ZannonJames\OneDrive - Quintana Minerals Corporation\Documents\proj\mason-wild-netlify\public\journeys\the-social-shift\SH (5).jpeg","768","503","43.5"
"C:\Users\ZannonJames\OneDrive - Quintana Minerals Corporation\Documents\proj\mason-wild-netlify\public\journeys\the-social-shift\TA (3).png","862","503","261.7"
"C:\Users\ZannonJames\OneDrive - Quintana Minerals Corporation\Documents\proj\mason-wild-netlify\public\journeys\the-social-shift\TA (4).png","897","500","503"
"C:\Users\ZannonJames\OneDrive - Quintana Minerals Corporation\Documents\proj\mason-wild-netlify\public\journeys\the-social-shift\TA (10).png","901","526","468"
"C:\Users\ZannonJames\OneDrive - Quintana Minerals Corporation\Documents\proj\mason-wild-netlify\public\journeys\the-private-circuit\XI (1).png","903","677","907.7"
"C:\Users\ZannonJames\OneDrive - Quintana Minerals Corporation\Documents\proj\mason-wild-netlify\public\journeys\the-social-shift\TA (8).png","910","502","900.5"
"C:\Users\ZannonJames\OneDrive - Quintana Minerals Corporation\Documents\proj\mason-wild-netlify\public\journeys\the-social-shift\TA (1).png","915","499","353.4"
"C:\Users\ZannonJames\OneDrive - Quintana Minerals Corporation\Documents\proj\mason-wild-netlify\public\journeys\the-social-shift\TA (5).png","915","519","705.6"
"C:\Users\ZannonJames\OneDrive - Quintana Minerals Corporation\Documents\proj\mason-wild-netlify\public\journeys\the-social-shift\TA (2).png","920","534","741.7"
"C:\Users\ZannonJames\OneDrive - Quintana Minerals Corporation\Documents\proj\mason-wild-netlify\public\journeys\the-social-shift\TA (7).png","928","518","515.8"
"C:\Users\ZannonJames\OneDrive - Quintana Minerals Corporation\Documents\proj\mason-wild-netlify\public\journeys\the-social-shift\TA (9).png","934","491","585.9"
"C:\Users\ZannonJames\OneDrive - Quintana Minerals Corporation\Documents\proj\mason-wild-netlify\public\journeys\the-private-circuit\XI (7).png","935","636","819.4"
"C:\Users\ZannonJames\OneDrive - Quintana Minerals Corporation\Documents\proj\mason-wild-netlify\public\journeys\the-classic\pineapple-house-bedroom.jpg","940","564","66.5"
"C:\Users\ZannonJames\OneDrive - Quintana Minerals Corporation\Documents\proj\mason-wild-netlify\public\journal\solitude-architecture-of-silence-namibia\experience-one.jpg","945","622","82.2"
"C:\Users\ZannonJames\OneDrive - Quintana Minerals Corporation\Documents\proj\mason-wild-netlify\public\journal\okavango-dry-season-private-safari\hero.jpg","947","1440","158.8"
"C:\Users\ZannonJames\OneDrive - Quintana Minerals Corporation\Documents\proj\mason-wild-netlify\public\journeys\the-adventure\Wilderness Desert Rhino Camp (2).jpg","960","1440","153.3"
"C:\Users\ZannonJames\OneDrive - Quintana Minerals Corporation\Documents\proj\mason-wild-netlify\public\journeys\the-private-circuit\SS (4).jpg","960","1440","155.3"
"C:\Users\ZannonJames\OneDrive - Quintana Minerals Corporation\Documents\proj\mason-wild-netlify\public\journeys\the-untamed\13.jpg","960","1440","168.6"
"C:\Users\ZannonJames\OneDrive - Quintana Minerals Corporation\Documents\proj\mason-wild-netlify\public\journeys\the-private-circuit\SS (3).jpg","960","1440","238"
"C:\Users\ZannonJames\OneDrive - Quintana Minerals Corporation\Documents\proj\mason-wild-netlify\public\journeys\the-romantic\MW  (8).jpg","960","1440","151.5"
"C:\Users\ZannonJames\OneDrive - Quintana Minerals Corporation\Documents\proj\mason-wild-netlify\public\journeys\the-private-circuit\SM (22).jpg","960","1440","208.3"
"C:\Users\ZannonJames\OneDrive - Quintana Minerals Corporation\Documents\proj\mason-wild-netlify\public\journeys\the-social-shift\TA (6).png","961","528","912.2"
"C:\Users\ZannonJames\OneDrive - Quintana Minerals Corporation\Documents\proj\mason-wild-netlify\public\journeys\the-classic\PineApple House  (2).png","979","686","1411.3"
"C:\Users\ZannonJames\OneDrive - Quintana Minerals Corporation\Documents\proj\mason-wild-netlify\public\journeys\the-classic\PineApple House  (4).png","989","689","1209.4"
"C:\Users\ZannonJames\OneDrive - Quintana Minerals Corporation\Documents\proj\mason-wild-netlify\public\journeys\the-social-shift\SH (4).jpg","992","670","192.2"
"C:\Users\ZannonJames\OneDrive - Quintana Minerals Corporation\Documents\proj\mason-wild-netlify\public\journeys\the-classic\PineApple House  (5).png","996","698","1237.7"
"C:\Users\ZannonJames\OneDrive - Quintana Minerals Corporation\Documents\proj\mason-wild-netlify\public\journeys\the-intimate\victoria-falls-boat-sunset.jpg","1000","667","138.4"
"C:\Users\ZannonJames\OneDrive - Quintana Minerals Corporation\Documents\proj\mason-wild-netlify\public\journeys\the-intimate\victoria-falls-forest-path.jpg","1000","667","264.1"
"C:\Users\ZannonJames\OneDrive - Quintana Minerals Corporation\Documents\proj\mason-wild-netlify\public\journeys\the-social-shift\SH (3).jpeg","1000","669","500.5"
"C:\Users\ZannonJames\OneDrive - Quintana Minerals Corporation\Documents\proj\mason-wild-netlify\public\journal\okavango-dry-season-private-safari\horse-riding.jpg","1000","673","96.2"
"C:\Users\ZannonJames\OneDrive - Quintana Minerals Corporation\Documents\proj\mason-wild-netlify\public\journeys\the-untamed\Chindeni (12).jpg","1000","706","172.1"
"C:\Users\ZannonJames\OneDrive - Quintana Minerals Corporation\Documents\proj\mason-wild-netlify\public\journeys\the-social-shift\SH (3).jpg","1018","669","941.1"
"C:\Users\ZannonJames\OneDrive - Quintana Minerals Corporation\Documents\proj\mason-wild-netlify\public\journeys\the-classic\PineApple House  (6).png","1023","687","1337.7"
"C:\Users\ZannonJames\OneDrive - Quintana Minerals Corporation\Documents\proj\mason-wild-netlify\public\journal\what-lgbtq-travellers-should-look-for-in-a-luxury-african-journey\hero.jpg","1024","682","163.7"
"C:\Users\ZannonJames\OneDrive - Quintana Minerals Corporation\Documents\proj\mason-wild-netlify\public\journeys\the-classic\pineapple-house-lounge.jpg","1024","683","122.2"
"C:\Users\ZannonJames\OneDrive - Quintana Minerals Corporation\Documents\proj\mason-wild-netlify\public\home\the-romantic-card.png","1024","1024","1284.3"
"C:\Users\ZannonJames\OneDrive - Quintana Minerals Corporation\Documents\proj\mason-wild-netlify\public\journeys\the-romantic-card.png","1024","1024","1693.6"
"C:\Users\ZannonJames\OneDrive - Quintana Minerals Corporation\Documents\proj\mason-wild-netlify\public\home\romantic-boat.png","1024","1024","1399.2"
"C:\Users\ZannonJames\OneDrive - Quintana Minerals Corporation\Documents\proj\mason-wild-netlify\public\journeys\the-classic\PineApple House  (3).png","1048","696","1222.7"
"C:\Users\ZannonJames\OneDrive - Quintana Minerals Corporation\Documents\proj\mason-wild-netlify\public\journeys\the-classic\PineApple House  (7).png","1059","698","1351.6"
"C:\Users\ZannonJames\OneDrive - Quintana Minerals Corporation\Documents\proj\mason-wild-netlify\public\journeys\the-private-circuit\XI (3).png","1068","665","1150.1"
"C:\Users\ZannonJames\OneDrive - Quintana Minerals Corporation\Documents\proj\mason-wild-netlify\public\journeys\the-private-circuit\XI (5).png","1069","684","987.8"
"C:\Users\ZannonJames\OneDrive - Quintana Minerals Corporation\Documents\proj\mason-wild-netlify\public\journeys\the-social-shift\SH (4).jpeg","1071","669","408.6"
"C:\Users\ZannonJames\OneDrive - Quintana Minerals Corporation\Documents\proj\mason-wild-netlify\public\journeys\the-untamed\4.jpg","1086","724","352.3"
"C:\Users\ZannonJames\OneDrive - Quintana Minerals Corporation\Documents\proj\mason-wild-netlify\public\branding\mason-wild-footer-wordmark.png","1087","193","91.8"
"C:\Users\ZannonJames\OneDrive - Quintana Minerals Corporation\Documents\proj\mason-wild-netlify\public\journeys\the-private-circuit\XI (4).png","1091","648","869.2"
"C:\Users\ZannonJames\OneDrive - Quintana Minerals Corporation\Documents\proj\mason-wild-netlify\public\journeys\the-private-circuit\XI (8).png","1100","674","1189.7"
"C:\Users\ZannonJames\OneDrive - Quintana Minerals Corporation\Documents\proj\mason-wild-netlify\public\journeys\the-intimate\updates\delta-wild-dogs.jpg","1100","733","149.1"
"C:\Users\ZannonJames\OneDrive - Quintana Minerals Corporation\Documents\proj\mason-wild-netlify\public\journal\cape-town-gay-capital-of-africa\nightlife.png","1107","638","1398.4"
"C:\Users\ZannonJames\OneDrive - Quintana Minerals Corporation\Documents\proj\mason-wild-netlify\public\journeys\the-private-circuit\XI (2).png","1110","660","1686.6"
"C:\Users\ZannonJames\OneDrive - Quintana Minerals Corporation\Documents\proj\mason-wild-netlify\public\journeys\the-adventure\ZO (8).jpg","1152","1440","325.8"
"C:\Users\ZannonJames\OneDrive - Quintana Minerals Corporation\Documents\proj\mason-wild-netlify\public\journeys\the-private-circuit\XI (9).png","1165","680","1433.5"
"C:\Users\ZannonJames\OneDrive - Quintana Minerals Corporation\Documents\proj\mason-wild-netlify\public\journeys\the-private-circuit\XI (6).png","1167","671","1404.5"
"C:\Users\ZannonJames\OneDrive - Quintana Minerals Corporation\Documents\proj\mason-wild-netlify\public\journeys\the-adventure\vetted-cape-town.jpg","1170","1520","485.2"
"C:\Users\ZannonJames\OneDrive - Quintana Minerals Corporation\Documents\proj\mason-wild-netlify\public\journal\privacy-is-a-luxury\supporting.jpg","1200","684","102"
"C:\Users\ZannonJames\OneDrive - Quintana Minerals Corporation\Documents\proj\mason-wild-netlify\public\journeys\the-adventure\Camissa House.jpg","1200","798","245.1"
"C:\Users\ZannonJames\OneDrive - Quintana Minerals Corporation\Documents\proj\mason-wild-netlify\public\journeys\the-romantic\MN 2 .png","1275","706","1923.1"
"C:\Users\ZannonJames\OneDrive - Quintana Minerals Corporation\Documents\proj\mason-wild-netlify\public\journal\private-travel-owes-conservation\section-community.jpg","1280","854","295"
"C:\Users\ZannonJames\OneDrive - Quintana Minerals Corporation\Documents\proj\mason-wild-netlify\public\journeys\the-romantic\MW  (10).jpg","1280","960","174.6"
"C:\Users\ZannonJames\OneDrive - Quintana Minerals Corporation\Documents\proj\mason-wild-netlify\public\journeys\the-private-circuit\ST (3).png","1284","850","2195.5"
"C:\Users\ZannonJames\OneDrive - Quintana Minerals Corporation\Documents\proj\mason-wild-netlify\public\journeys\the-private-circuit\ST (4).png","1295","856","1768.1"
"C:\Users\ZannonJames\OneDrive - Quintana Minerals Corporation\Documents\proj\mason-wild-netlify\public\journeys\the-romantic\MW  (11).jpg","1296","864","127"
"C:\Users\ZannonJames\OneDrive - Quintana Minerals Corporation\Documents\proj\mason-wild-netlify\public\journeys\the-romantic\vetted-victoria-falls.png","1297","1263","704.2"
"C:\Users\ZannonJames\OneDrive - Quintana Minerals Corporation\Documents\proj\mason-wild-netlify\public\journeys\the-private-circuit\ST (2).png","1320","834","1751.6"
"C:\Users\ZannonJames\OneDrive - Quintana Minerals Corporation\Documents\proj\mason-wild-netlify\public\home\zannon.png","1320","974","237.6"
"C:\Users\ZannonJames\OneDrive - Quintana Minerals Corporation\Documents\proj\mason-wild-netlify\public\journeys\the-classic\vetted-victoria-falls.jpg","1320","1575","857.1"
"C:\Users\ZannonJames\OneDrive - Quintana Minerals Corporation\Documents\proj\mason-wild-netlify\public\journeys\the-private-circuit\ST (1).png","1329","876","1986.2"
"C:\Users\ZannonJames\OneDrive - Quintana Minerals Corporation\Documents\proj\mason-wild-netlify\public\journal\tanzania-vs-botswana-luxury-safari\tanzania.jpg","1333","2000","351.5"
"C:\Users\ZannonJames\OneDrive - Quintana Minerals Corporation\Documents\proj\mason-wild-netlify\public\journeys\the-classic\pineapple-house-bathroom.jpg","1362","1440","215"
"C:\Users\ZannonJames\OneDrive - Quintana Minerals Corporation\Documents\proj\mason-wild-netlify\public\journal\tanzania-vs-botswana-luxury-safari\finish.jpg","1400","1049","255.7"
"C:\Users\ZannonJames\OneDrive - Quintana Minerals Corporation\Documents\proj\mason-wild-netlify\public\journal\okavango-dry-season-private-safari\mokoro.jpg","1420","2160","311.3"
"C:\Users\ZannonJames\OneDrive - Quintana Minerals Corporation\Documents\proj\mason-wild-netlify\public\journeys\the-romantic\MN 7.jpg","1500","1000","411.9"
"C:\Users\ZannonJames\OneDrive - Quintana Minerals Corporation\Documents\proj\mason-wild-netlify\public\journeys\the-romantic\MN 6.jpg","1500","1000","285.6"
"C:\Users\ZannonJames\OneDrive - Quintana Minerals Corporation\Documents\proj\mason-wild-netlify\public\journeys\the-social.jpg","1500","1000","655.6"
"C:\Users\ZannonJames\OneDrive - Quintana Minerals Corporation\Documents\proj\mason-wild-netlify\public\journeys\the-romantic\MN 5.jpg","1500","1001","500.9"
"C:\Users\ZannonJames\OneDrive - Quintana Minerals Corporation\Documents\proj\mason-wild-netlify\public\journeys\the-untamed\Latitude 15 (6).png","1536","1024","2434"
"C:\Users\ZannonJames\OneDrive - Quintana Minerals Corporation\Documents\proj\mason-wild-netlify\public\journeys\the-untamed\Latitude 15 (5).png","1536","1024","2309.8"
"C:\Users\ZannonJames\OneDrive - Quintana Minerals Corporation\Documents\proj\mason-wild-netlify\public\branding\mason-wild-header-logo.png","1536","1024","249.2"
"C:\Users\ZannonJames\OneDrive - Quintana Minerals Corporation\Documents\proj\mason-wild-netlify\public\journeys\the-untamed\Latitude 15 (7).png","1536","1024","2946.4"
"C:\Users\ZannonJames\OneDrive - Quintana Minerals Corporation\Documents\proj\mason-wild-netlify\public\home\romantic-feature.png","1536","1024","2294.7"
"C:\Users\ZannonJames\OneDrive - Quintana Minerals Corporation\Documents\proj\mason-wild-netlify\public\journeys\the-untamed\Latitude 15 (2).png","1536","1024","2780.6"
"C:\Users\ZannonJames\OneDrive - Quintana Minerals Corporation\Documents\proj\mason-wild-netlify\public\journeys\the-untamed\Latitude 15 (3).png","1536","1024","2396.4"
"C:\Users\ZannonJames\OneDrive - Quintana Minerals Corporation\Documents\proj\mason-wild-netlify\public\journeys\the-untamed\Latitude 15 (4).png","1536","1024","2515.1"
"C:\Users\ZannonJames\OneDrive - Quintana Minerals Corporation\Documents\proj\mason-wild-netlify\public\journeys\the-untamed\Latitude 15 (1).png","1536","1024","3527.1"
"C:\Users\ZannonJames\OneDrive - Quintana Minerals Corporation\Documents\proj\mason-wild-netlify\public\journeys\the-intimate-card.png","1536","1024","2406"
"C:\Users\ZannonJames\OneDrive - Quintana Minerals Corporation\Documents\proj\mason-wild-netlify\public\journeys\the-untamed-card.png","1536","1024","2425.2"
"C:\Users\ZannonJames\OneDrive - Quintana Minerals Corporation\Documents\proj\mason-wild-netlify\public\branding\mason-wild-logo.png","1536","1024","279.1"
"C:\Users\ZannonJames\OneDrive - Quintana Minerals Corporation\Documents\proj\mason-wild-netlify\public\branding\mason-wild-transparent.png","1536","1024","249.3"
"C:\Users\ZannonJames\OneDrive - Quintana Minerals Corporation\Documents\proj\mason-wild-netlify\public\journeys\the-private-circuit-card.png","1536","1024","2189.7"
"C:\Users\ZannonJames\OneDrive - Quintana Minerals Corporation\Documents\proj\mason-wild-netlify\public\journeys\the-untamed.jpg","1600","800","145.8"
"C:\Users\ZannonJames\OneDrive - Quintana Minerals Corporation\Documents\proj\mason-wild-netlify\public\journeys\the-romantic\AS 9.png","1610","878","1805.4"
"C:\Users\ZannonJames\OneDrive - Quintana Minerals Corporation\Documents\proj\mason-wild-netlify\public\journeys\the-romantic\AS 1.png","1624","863","2375.7"
"C:\Users\ZannonJames\OneDrive - Quintana Minerals Corporation\Documents\proj\mason-wild-netlify\public\journeys\the-romantic\AS 4.png","1654","846","2173.5"
"C:\Users\ZannonJames\OneDrive - Quintana Minerals Corporation\Documents\proj\mason-wild-netlify\public\journeys\the-romantic\AS 7.png","1657","877","1892.1"
"C:\Users\ZannonJames\OneDrive - Quintana Minerals Corporation\Documents\proj\mason-wild-netlify\public\journeys\the-romantic\AS 3.png","1677","858","1044.2"
"C:\Users\ZannonJames\OneDrive - Quintana Minerals Corporation\Documents\proj\mason-wild-netlify\public\journeys\the-adventure\Little Ongava (7).jpg","1680","1116","816.9"
"C:\Users\ZannonJames\OneDrive - Quintana Minerals Corporation\Documents\proj\mason-wild-netlify\public\journeys\the-romantic\AS 10.png","1683","877","2201.7"
"C:\Users\ZannonJames\OneDrive - Quintana Minerals Corporation\Documents\proj\mason-wild-netlify\public\journeys\the-romantic\AS 2.png","1692","874","2046.1"
"C:\Users\ZannonJames\OneDrive - Quintana Minerals Corporation\Documents\proj\mason-wild-netlify\public\journeys\the-romantic\AS 6.png","1695","840","1332.7"
"C:\Users\ZannonJames\OneDrive - Quintana Minerals Corporation\Documents\proj\mason-wild-netlify\public\journeys\the-romantic\AS 8.png","1695","870","2237"
"C:\Users\ZannonJames\OneDrive - Quintana Minerals Corporation\Documents\proj\mason-wild-netlify\public\journal\lgbtq-travel-southern-africa\hero.jpg","1700","1440","410.3"
"C:\Users\ZannonJames\OneDrive - Quintana Minerals Corporation\Documents\proj\mason-wild-netlify\public\journeys\the-romantic\AS 5.png","1726","861","2595.7"
"C:\Users\ZannonJames\OneDrive - Quintana Minerals Corporation\Documents\proj\mason-wild-netlify\public\journeys\the-social-shift\FF (6).jpg","1733","2600","394.8"
"C:\Users\ZannonJames\OneDrive - Quintana Minerals Corporation\Documents\proj\mason-wild-netlify\public\journeys\the-social-shift\FF (2).jpg","1733","2600","333.3"
"C:\Users\ZannonJames\OneDrive - Quintana Minerals Corporation\Documents\proj\mason-wild-netlify\public\journeys\the-intimate\updates\delta-private-suite.jpg","1746","1440","557.3"
"C:\Users\ZannonJames\OneDrive - Quintana Minerals Corporation\Documents\proj\mason-wild-netlify\public\journeys\the-romantic\BBL (8).jpg","1766","1179","598.6"
"C:\Users\ZannonJames\OneDrive - Quintana Minerals Corporation\Documents\proj\mason-wild-netlify\public\journeys\the-romantic\BBL (17).jpg","1766","1179","506.1"
"C:\Users\ZannonJames\OneDrive - Quintana Minerals Corporation\Documents\proj\mason-wild-netlify\public\journeys\the-romantic\BBL (18).jpg","1766","1179","405.1"
"C:\Users\ZannonJames\OneDrive - Quintana Minerals Corporation\Documents\proj\mason-wild-netlify\public\journeys\the-romantic\BBL (6).jpg","1766","1179","421.1"
"C:\Users\ZannonJames\OneDrive - Quintana Minerals Corporation\Documents\proj\mason-wild-netlify\public\journeys\the-romantic\BBL (5).jpg","1766","1179","489.9"
"C:\Users\ZannonJames\OneDrive - Quintana Minerals Corporation\Documents\proj\mason-wild-netlify\public\journeys\the-romantic\BBL (2).jpg","1766","1179","608.2"
"C:\Users\ZannonJames\OneDrive - Quintana Minerals Corporation\Documents\proj\mason-wild-netlify\public\journeys\the-romantic\BBL (14).jpg","1766","1179","411.4"
"C:\Users\ZannonJames\OneDrive - Quintana Minerals Corporation\Documents\proj\mason-wild-netlify\public\journeys\the-romantic\BBL (15).jpg","1766","1179","222.1"
"C:\Users\ZannonJames\OneDrive - Quintana Minerals Corporation\Documents\proj\mason-wild-netlify\public\journeys\the-romantic\BBL (4).jpg","1766","1179","409.3"
"C:\Users\ZannonJames\OneDrive - Quintana Minerals Corporation\Documents\proj\mason-wild-netlify\public\journeys\the-romantic\BBL (16).jpg","1766","1179","515.1"
"C:\Users\ZannonJames\OneDrive - Quintana Minerals Corporation\Documents\proj\mason-wild-netlify\public\journeys\the-intimate\makgadikgadi-meerkats.jpg","1772","1181","223.8"
"C:\Users\ZannonJames\OneDrive - Quintana Minerals Corporation\Documents\proj\mason-wild-netlify\public\journeys\the-intimate\victoria-falls-river-deck.jpg","1772","1181","470.3"
"C:\Users\ZannonJames\OneDrive - Quintana Minerals Corporation\Documents\proj\mason-wild-netlify\public\journeys\the-intimate\victoria-falls-lodge-exterior.jpg","1772","1182","501.1"
"C:\Users\ZannonJames\OneDrive - Quintana Minerals Corporation\Documents\proj\mason-wild-netlify\public\journeys\the-intimate\victoria-falls-suite.jpg","1772","1182","436.3"
"C:\Users\ZannonJames\OneDrive - Quintana Minerals Corporation\Documents\proj\mason-wild-netlify\public\journeys\the-intimate\updates\victoria-falls-walking-sunset.jpg","1772","1182","429.5"
"C:\Users\ZannonJames\OneDrive - Quintana Minerals Corporation\Documents\proj\mason-wild-netlify\public\journeys\the-romantic\BBL (3).jpg","1783","1184","247.4"
"C:\Users\ZannonJames\OneDrive - Quintana Minerals Corporation\Documents\proj\mason-wild-netlify\public\journeys\the-intimate.jpg","1800","1200","282.1"
"C:\Users\ZannonJames\OneDrive - Quintana Minerals Corporation\Documents\proj\mason-wild-netlify\public\journeys\the-untamed\Chindeni (15).jpg","1800","1200","207.8"
"C:\Users\ZannonJames\OneDrive - Quintana Minerals Corporation\Documents\proj\mason-wild-netlify\public\journeys\the-untamed\Chindeni (18).jpg","1800","1200","685.5"
"C:\Users\ZannonJames\OneDrive - Quintana Minerals Corporation\Documents\proj\mason-wild-netlify\public\journeys\the-intimate\updates\victoria-falls-pool.jpg","1918","1440","636.6"
"C:\Users\ZannonJames\OneDrive - Quintana Minerals Corporation\Documents\proj\mason-wild-netlify\public\journeys\the-romantic\BBL (21).jpg","1920","1080","315.2"
"C:\Users\ZannonJames\OneDrive - Quintana Minerals Corporation\Documents\proj\mason-wild-netlify\public\journeys\the-private-circuit\SV (14).jpg","1920","1080","456"
"C:\Users\ZannonJames\OneDrive - Quintana Minerals Corporation\Documents\proj\mason-wild-netlify\public\journeys\the-private-circuit\SS (9).jpg","1920","1080","325.7"
"C:\Users\ZannonJames\OneDrive - Quintana Minerals Corporation\Documents\proj\mason-wild-netlify\public\journal\private-travel-owes-conservation\hero.jpg","1920","1080","409.4"
"C:\Users\ZannonJames\OneDrive - Quintana Minerals Corporation\Documents\proj\mason-wild-netlify\public\journal\lgbtq-travel-southern-africa\namibia.jpg","1920","1080","257.4"
"C:\Users\ZannonJames\OneDrive - Quintana Minerals Corporation\Documents\proj\mason-wild-netlify\public\journeys\the-private-circuit\SV (13).jpg","1920","1080","479.3"
"C:\Users\ZannonJames\OneDrive - Quintana Minerals Corporation\Documents\proj\mason-wild-netlify\public\journal\solitude-architecture-of-silence-namibia\hero.jpg","1920","1080","115.2"
"C:\Users\ZannonJames\OneDrive - Quintana Minerals Corporation\Documents\proj\mason-wild-netlify\public\journal\what-conservation-looks-like-when-it-is-working\fieldwork.jpg","1920","1080","417.8"
"C:\Users\ZannonJames\OneDrive - Quintana Minerals Corporation\Documents\proj\mason-wild-netlify\public\journal\what-conservation-looks-like-when-it-is-working\hero.jpg","1920","1080","456.7"
"C:\Users\ZannonJames\OneDrive - Quintana Minerals Corporation\Documents\proj\mason-wild-netlify\public\journal\tanzania-vs-botswana-luxury-safari\hero.jpg","1920","1080","343.9"
"C:\Users\ZannonJames\OneDrive - Quintana Minerals Corporation\Documents\proj\mason-wild-netlify\public\journal\culture-is-not-an-add-on\supporting.jpg","1920","1080","393.6"
"C:\Users\ZannonJames\OneDrive - Quintana Minerals Corporation\Documents\proj\mason-wild-netlify\public\journal\destination-notes-south-africa\kwazulu-natal.jpg","1920","1080","356.4"
"C:\Users\ZannonJames\OneDrive - Quintana Minerals Corporation\Documents\proj\mason-wild-netlify\public\journeys\the-romantic\BBL (10).jpg","1920","1100","186.6"
"C:\Users\ZannonJames\OneDrive - Quintana Minerals Corporation\Documents\proj\mason-wild-netlify\public\journeys\the-romantic\BBL (1).jpg","1920","1100","505.3"
"C:\Users\ZannonJames\OneDrive - Quintana Minerals Corporation\Documents\proj\mason-wild-netlify\public\journeys\the-romantic\BBL (7).jpg","1920","1100","622.3"
"C:\Users\ZannonJames\OneDrive - Quintana Minerals Corporation\Documents\proj\mason-wild-netlify\public\journeys\the-romantic\BBL (12).jpg","1920","1100","186.5"
"C:\Users\ZannonJames\OneDrive - Quintana Minerals Corporation\Documents\proj\mason-wild-netlify\public\journal\tanzania-vs-botswana-luxury-safari\botswana.jpg","1920","1200","425.3"
"C:\Users\ZannonJames\OneDrive - Quintana Minerals Corporation\Documents\proj\mason-wild-netlify\public\journeys\the-private-circuit\SM (6).jpg","1920","1280","453.3"
"C:\Users\ZannonJames\OneDrive - Quintana Minerals Corporation\Documents\proj\mason-wild-netlify\public\journeys\the-private-circuit\SS (5).jpg","1920","1280","218.1"
"C:\Users\ZannonJames\OneDrive - Quintana Minerals Corporation\Documents\proj\mason-wild-netlify\public\home\home-hero.jpg","1920","1280","371"
"C:\Users\ZannonJames\OneDrive - Quintana Minerals Corporation\Documents\proj\mason-wild-netlify\public\journeys\the-private-circuit\SM (14).jpg","1920","1280","149.1"
"C:\Users\ZannonJames\OneDrive - Quintana Minerals Corporation\Documents\proj\mason-wild-netlify\public\journeys\the-private-circuit\SV (1).jpg","1920","1280","304.1"
"C:\Users\ZannonJames\OneDrive - Quintana Minerals Corporation\Documents\proj\mason-wild-netlify\public\journeys\the-untamed\Chindeni (14).jpg","1920","1280","928.2"
"C:\Users\ZannonJames\OneDrive - Quintana Minerals Corporation\Documents\proj\mason-wild-netlify\public\journeys\the-private-circuit\SM (15).jpg","1920","1280","322.4"
"C:\Users\ZannonJames\OneDrive - Quintana Minerals Corporation\Documents\proj\mason-wild-netlify\public\journeys\the-private-circuit\SM (7).jpg","1920","1280","341.6"
"C:\Users\ZannonJames\OneDrive - Quintana Minerals Corporation\Documents\proj\mason-wild-netlify\public\journeys\the-private-circuit\SM (20).jpg","1920","1280","195.4"
"C:\Users\ZannonJames\OneDrive - Quintana Minerals Corporation\Documents\proj\mason-wild-netlify\public\journeys\the-private-circuit\SM (21).jpg","1920","1280","349.6"
"C:\Users\ZannonJames\OneDrive - Quintana Minerals Corporation\Documents\proj\mason-wild-netlify\public\journeys\the-private-circuit\SM (1).jpg","1920","1280","369.6"
"C:\Users\ZannonJames\OneDrive - Quintana Minerals Corporation\Documents\proj\mason-wild-netlify\public\journeys\the-private-circuit\SM (13).jpg","1920","1280","371"
"C:\Users\ZannonJames\OneDrive - Quintana Minerals Corporation\Documents\proj\mason-wild-netlify\public\journeys\the-private-circuit\SV (2).jpg","1920","1280","168.6"
"C:\Users\ZannonJames\OneDrive - Quintana Minerals Corporation\Documents\proj\mason-wild-netlify\public\journal\destination-notes-tanzania\hero.jpg","1920","1280","195.4"
"C:\Users\ZannonJames\OneDrive - Quintana Minerals Corporation\Documents\proj\mason-wild-netlify\public\journeys\the-adventure\ZO (17).jpg","1920","1440","338.8"
"C:\Users\ZannonJames\OneDrive - Quintana Minerals Corporation\Documents\proj\mason-wild-netlify\public\journeys\the-adventure\ZO (12).jpg","1920","1440","381"
"C:\Users\ZannonJames\OneDrive - Quintana Minerals Corporation\Documents\proj\mason-wild-netlify\public\journeys\the-private-circuit\SV (5).jpg","1920","1440","662.8"
"C:\Users\ZannonJames\OneDrive - Quintana Minerals Corporation\Documents\proj\mason-wild-netlify\public\journal\private-travel-owes-conservation\section-rhino.jpg","1922","1440","545.9"
"C:\Users\ZannonJames\OneDrive - Quintana Minerals Corporation\Documents\proj\mason-wild-netlify\public\journeys\the-social-shift\FF (5).jpg","1950","2600","858.4"
"C:\Users\ZannonJames\OneDrive - Quintana Minerals Corporation\Documents\proj\mason-wild-netlify\public\journal\journal-hero.jpg","1950","2600","729.7"
"C:\Users\ZannonJames\OneDrive - Quintana Minerals Corporation\Documents\proj\mason-wild-netlify\public\journeys\the-social-shift\SH (2).JPG","1950","2600","677.4"
"C:\Users\ZannonJames\OneDrive - Quintana Minerals Corporation\Documents\proj\mason-wild-netlify\public\journeys\the-classic\collage-cape-town-pool.jpg","1966","1440","579.1"
"C:\Users\ZannonJames\OneDrive - Quintana Minerals Corporation\Documents\proj\mason-wild-netlify\public\journeys\the-classic\pineapple-house-library.jpg","1968","1440","340.6"
"C:\Users\ZannonJames\OneDrive - Quintana Minerals Corporation\Documents\proj\mason-wild-netlify\public\journeys\the-adventure\Little Ongava (3).JPG","1969","1440","357.1"
"C:\Users\ZannonJames\OneDrive - Quintana Minerals Corporation\Documents\proj\mason-wild-netlify\public\journeys\the-adventure\Little Ongava (2).JPG","1997","1440","662.1"
"C:\Users\ZannonJames\OneDrive - Quintana Minerals Corporation\Documents\proj\mason-wild-netlify\public\journeys\the-private-circuit\SM (3).jpg","2000","1333","164"
"C:\Users\ZannonJames\OneDrive - Quintana Minerals Corporation\Documents\proj\mason-wild-netlify\public\journeys\the-private-circuit\SM (2).jpg","2000","1333","612.4"
"C:\Users\ZannonJames\OneDrive - Quintana Minerals Corporation\Documents\proj\mason-wild-netlify\public\journeys\the-untamed\KuKaya (11).jpg","2000","1333","604"
"C:\Users\ZannonJames\OneDrive - Quintana Minerals Corporation\Documents\proj\mason-wild-netlify\public\journeys\the-private-circuit\SM (23).jpg","2000","1333","161.1"
"C:\Users\ZannonJames\OneDrive - Quintana Minerals Corporation\Documents\proj\mason-wild-netlify\public\experience\private-conservancy-botswana.jpg","2000","1333","495.3"
"C:\Users\ZannonJames\OneDrive - Quintana Minerals Corporation\Documents\proj\mason-wild-netlify\public\experience\how-we-work.jpg","2000","1333","307.6"
"C:\Users\ZannonJames\OneDrive - Quintana Minerals Corporation\Documents\proj\mason-wild-netlify\public\journeys\the-intimate\updates\makgadikgadi-dining.jpg","2023","1440","733"
"C:\Users\ZannonJames\OneDrive - Quintana Minerals Corporation\Documents\proj\mason-wild-netlify\public\journeys\the-private-circuit.jpg","2036","1440","287.5"
"C:\Users\ZannonJames\OneDrive - Quintana Minerals Corporation\Documents\proj\mason-wild-netlify\public\journeys\the-classic\collage-simbavati-lodge-dusk.jpeg","2048","1152","401"
"C:\Users\ZannonJames\OneDrive - Quintana Minerals Corporation\Documents\proj\mason-wild-netlify\public\journeys\the-adventure\Wilderness Desert Rhino Camp (6).jpg","2048","1365","259.3"
"C:\Users\ZannonJames\OneDrive - Quintana Minerals Corporation\Documents\proj\mason-wild-netlify\public\journeys\the-classic\simbavati-waterside-suite.jpg","2048","1365","451.2"
"C:\Users\ZannonJames\OneDrive - Quintana Minerals Corporation\Documents\proj\mason-wild-netlify\public\journeys\the-intimate\updates\delta-wild-dogs-resting.jpg","2048","1365","349.7"
"C:\Users\ZannonJames\OneDrive - Quintana Minerals Corporation\Documents\proj\mason-wild-netlify\public\journeys\the-classic\simbavati-waterside-large-suite.jpeg","2048","1367","392.6"
"C:\Users\ZannonJames\OneDrive - Quintana Minerals Corporation\Documents\proj\mason-wild-netlify\public\journeys\the-private-circuit\SS (2).jpg","2097","1440","313.4"
"C:\Users\ZannonJames\OneDrive - Quintana Minerals Corporation\Documents\proj\mason-wild-netlify\public\journeys\the-intimate\updates\makgadikgadi-bushman-walk.jpg","2103","1440","499.3"
"C:\Users\ZannonJames\OneDrive - Quintana Minerals Corporation\Documents\proj\mason-wild-netlify\public\journeys\the-adventure\Camissa House Cape Town_2.jpg","2106","1440","529.6"
"C:\Users\ZannonJames\OneDrive - Quintana Minerals Corporation\Documents\proj\mason-wild-netlify\public\journeys\the-untamed\Zungulila (18).jpg","2112","1440","181.3"
"C:\Users\ZannonJames\OneDrive - Quintana Minerals Corporation\Documents\proj\mason-wild-netlify\public\journeys\the-intimate\updates\delta-river-deck-evening.jpg","2126","1440","314.4"
"C:\Users\ZannonJames\OneDrive - Quintana Minerals Corporation\Documents\proj\mason-wild-netlify\public\journal\lgbtq-travel-southern-africa\mozambique.jpg","2146","1428","373.3"
"C:\Users\ZannonJames\OneDrive - Quintana Minerals Corporation\Documents\proj\mason-wild-netlify\public\journeys\the-adventure\Wilderness Desert Rhino Camp (17).jpg","2154","1440","364.3"
"C:\Users\ZannonJames\OneDrive - Quintana Minerals Corporation\Documents\proj\mason-wild-netlify\public\journal\private-conservancies-vs-national-parks\hero.jpg","2158","1440","693.1"
"C:\Users\ZannonJames\OneDrive - Quintana Minerals Corporation\Documents\proj\mason-wild-netlify\public\journeys\the-romantic\BBL (13).jpg","2158","1440","320.9"
"C:\Users\ZannonJames\OneDrive - Quintana Minerals Corporation\Documents\proj\mason-wild-netlify\public\journeys\the-romantic\BBL (11).jpg","2158","1440","426.4"
"C:\Users\ZannonJames\OneDrive - Quintana Minerals Corporation\Documents\proj\mason-wild-netlify\public\journeys\the-romantic\BBL (19).jpg","2158","1440","290.4"
"C:\Users\ZannonJames\OneDrive - Quintana Minerals Corporation\Documents\proj\mason-wild-netlify\public\journeys\the-adventure\Little Ongava (9).jpg","2158","1440","154.3"
"C:\Users\ZannonJames\OneDrive - Quintana Minerals Corporation\Documents\proj\mason-wild-netlify\public\journeys\the-adventure\Little Ongava (13).jpg","2158","1440","797.3"
"C:\Users\ZannonJames\OneDrive - Quintana Minerals Corporation\Documents\proj\mason-wild-netlify\public\journeys\the-adventure\Little Ongava (8).jpg","2158","1440","312.3"
"C:\Users\ZannonJames\OneDrive - Quintana Minerals Corporation\Documents\proj\mason-wild-netlify\public\journeys\the-adventure\ZO (4).jpg","2159","1440","335.6"
"C:\Users\ZannonJames\OneDrive - Quintana Minerals Corporation\Documents\proj\mason-wild-netlify\public\journeys\the-adventure\ZO (15).jpg","2159","1440","760.9"
"C:\Users\ZannonJames\OneDrive - Quintana Minerals Corporation\Documents\proj\mason-wild-netlify\public\journeys\the-adventure\ZO (2).jpg","2159","1440","556"
"C:\Users\ZannonJames\OneDrive - Quintana Minerals Corporation\Documents\proj\mason-wild-netlify\public\journeys\the-adventure\ZO (6).jpg","2159","1440","274.1"
"C:\Users\ZannonJames\OneDrive - Quintana Minerals Corporation\Documents\proj\mason-wild-netlify\public\journeys\the-adventure\ZS (5).jpg","2159","1440","458.6"
"C:\Users\ZannonJames\OneDrive - Quintana Minerals Corporation\Documents\proj\mason-wild-netlify\public\journeys\the-romantic\MW  (3).jpg","2160","1440","464.9"
"C:\Users\ZannonJames\OneDrive - Quintana Minerals Corporation\Documents\proj\mason-wild-netlify\public\journeys\the-untamed\Zungulila (8).jpg","2160","1440","635.4"
"C:\Users\ZannonJames\OneDrive - Quintana Minerals Corporation\Documents\proj\mason-wild-netlify\public\journeys\the-untamed\Zungulila (10).jpg","2160","1440","1072.6"
"C:\Users\ZannonJames\OneDrive - Quintana Minerals Corporation\Documents\proj\mason-wild-netlify\public\journeys\the-private-circuit\SV (3).jpg","2160","1440","242.8"
"C:\Users\ZannonJames\OneDrive - Quintana Minerals Corporation\Documents\proj\mason-wild-netlify\public\journeys\the-private-circuit\SV (4).jpg","2160","1440","266"
"C:\Users\ZannonJames\OneDrive - Quintana Minerals Corporation\Documents\proj\mason-wild-netlify\public\journeys\the-untamed\Zungulila (4).jpg","2160","1440","953.8"
"C:\Users\ZannonJames\OneDrive - Quintana Minerals Corporation\Documents\proj\mason-wild-netlify\public\journeys\the-untamed\Zungulila (14).jpg","2160","1440","850.5"
"C:\Users\ZannonJames\OneDrive - Quintana Minerals Corporation\Documents\proj\mason-wild-netlify\public\journeys\the-private-circuit\SV (8).jpg","2160","1440","185.3"
"C:\Users\ZannonJames\OneDrive - Quintana Minerals Corporation\Documents\proj\mason-wild-netlify\public\journeys\the-untamed\Zungulila (5).jpg","2160","1440","1102.8"
"C:\Users\ZannonJames\OneDrive - Quintana Minerals Corporation\Documents\proj\mason-wild-netlify\public\journeys\the-untamed\Zungulila (6).jpg","2160","1440","422.3"
"C:\Users\ZannonJames\OneDrive - Quintana Minerals Corporation\Documents\proj\mason-wild-netlify\public\journeys\the-private-circuit\SV (6).jpg","2160","1440","463.2"
"C:\Users\ZannonJames\OneDrive - Quintana Minerals Corporation\Documents\proj\mason-wild-netlify\public\journeys\the-untamed\Zungulila (12).jpg","2160","1440","952.2"
"C:\Users\ZannonJames\OneDrive - Quintana Minerals Corporation\Documents\proj\mason-wild-netlify\public\journeys\the-untamed\KuKaya (9).jpg","2160","1440","343.5"
"C:\Users\ZannonJames\OneDrive - Quintana Minerals Corporation\Documents\proj\mason-wild-netlify\public\journeys\the-untamed\3.jpg","2160","1440","952.2"
"C:\Users\ZannonJames\OneDrive - Quintana Minerals Corporation\Documents\proj\mason-wild-netlify\public\journeys\the-untamed\17.jpg","2160","1440","635.4"
"C:\Users\ZannonJames\OneDrive - Quintana Minerals Corporation\Documents\proj\mason-wild-netlify\public\journeys\the-romantic\MW  (9).jpg","2160","1440","640.2"
"C:\Users\ZannonJames\OneDrive - Quintana Minerals Corporation\Documents\proj\mason-wild-netlify\public\journeys\the-untamed\7.jpg","2160","1440","422.3"
"C:\Users\ZannonJames\OneDrive - Quintana Minerals Corporation\Documents\proj\mason-wild-netlify\public\journeys\the-untamed\Chindeni (11).jpg","2160","1440","620.2"
"C:\Users\ZannonJames\OneDrive - Quintana Minerals Corporation\Documents\proj\mason-wild-netlify\public\journeys\the-untamed\Chindeni (10).jpg","2160","1440","424.4"
"C:\Users\ZannonJames\OneDrive - Quintana Minerals Corporation\Documents\proj\mason-wild-netlify\public\journeys\the-untamed\9.jpg","2160","1440","850.5"
"C:\Users\ZannonJames\OneDrive - Quintana Minerals Corporation\Documents\proj\mason-wild-netlify\public\journeys\the-romantic\MW  (7).jpg","2160","1440","663.2"
"C:\Users\ZannonJames\OneDrive - Quintana Minerals Corporation\Documents\proj\mason-wild-netlify\public\journeys\the-romantic\MW  (12).jpg","2160","1440","410.7"
"C:\Users\ZannonJames\OneDrive - Quintana Minerals Corporation\Documents\proj\mason-wild-netlify\public\journeys\the-romantic\MW  (13).jpg","2160","1440","562.6"
"C:\Users\ZannonJames\OneDrive - Quintana Minerals Corporation\Documents\proj\mason-wild-netlify\public\journeys\the-romantic\MW  (2).jpg","2160","1440","459.2"
"C:\Users\ZannonJames\OneDrive - Quintana Minerals Corporation\Documents\proj\mason-wild-netlify\public\journeys\the-romantic\MW  (4).jpg","2160","1440","300.8"
"C:\Users\ZannonJames\OneDrive - Quintana Minerals Corporation\Documents\proj\mason-wild-netlify\public\journeys\the-romantic\MW  (6).jpg","2160","1440","558"
"C:\Users\ZannonJames\OneDrive - Quintana Minerals Corporation\Documents\proj\mason-wild-netlify\public\journeys\the-romantic\MW  (5).jpg","2160","1440","527"
"C:\Users\ZannonJames\OneDrive - Quintana Minerals Corporation\Documents\proj\mason-wild-netlify\public\journeys\the-romantic\MW  (1).jpg","2160","1440","485.6"
"C:\Users\ZannonJames\OneDrive - Quintana Minerals Corporation\Documents\proj\mason-wild-netlify\public\journeys\the-untamed\KuKaya (4).jpg","2160","1440","779"
"C:\Users\ZannonJames\OneDrive - Quintana Minerals Corporation\Documents\proj\mason-wild-netlify\public\journeys\the-untamed\KuKaya (3).jpg","2160","1440","345.5"
"C:\Users\ZannonJames\OneDrive - Quintana Minerals Corporation\Documents\proj\mason-wild-netlify\public\journeys\the-untamed\KuKaya (13).jpg","2160","1440","477.9"
"C:\Users\ZannonJames\OneDrive - Quintana Minerals Corporation\Documents\proj\mason-wild-netlify\public\journeys\the-untamed\KuKaya (5).jpg","2160","1440","687.4"
"C:\Users\ZannonJames\OneDrive - Quintana Minerals Corporation\Documents\proj\mason-wild-netlify\public\journeys\the-untamed\KuKaya (8).jpg","2160","1440","813.5"
"C:\Users\ZannonJames\OneDrive - Quintana Minerals Corporation\Documents\proj\mason-wild-netlify\public\journeys\the-untamed\KuKaya (7).jpg","2160","1440","875.7"
"C:\Users\ZannonJames\OneDrive - Quintana Minerals Corporation\Documents\proj\mason-wild-netlify\public\journeys\the-untamed\KuKaya (6).jpg","2160","1440","491.5"
"C:\Users\ZannonJames\OneDrive - Quintana Minerals Corporation\Documents\proj\mason-wild-netlify\public\journeys\the-untamed\Chindeni (9).jpg","2160","1440","644.1"
"C:\Users\ZannonJames\OneDrive - Quintana Minerals Corporation\Documents\proj\mason-wild-netlify\public\journeys\the-untamed\Chindeni (17).jpg","2160","1440","663.5"
"C:\Users\ZannonJames\OneDrive - Quintana Minerals Corporation\Documents\proj\mason-wild-netlify\public\journeys\the-untamed\Chindeni (16).jpg","2160","1440","476.1"
"C:\Users\ZannonJames\OneDrive - Quintana Minerals Corporation\Documents\proj\mason-wild-netlify\public\journeys\the-untamed\Chindeni (13).jpg","2160","1440","329.6"
"C:\Users\ZannonJames\OneDrive - Quintana Minerals Corporation\Documents\proj\mason-wild-netlify\public\journeys\the-untamed\Chindeni (2).jpg","2160","1440","751.6"
"C:\Users\ZannonJames\OneDrive - Quintana Minerals Corporation\Documents\proj\mason-wild-netlify\public\journeys\the-untamed\Chindeni (8).jpg","2160","1440","504.3"
"C:\Users\ZannonJames\OneDrive - Quintana Minerals Corporation\Documents\proj\mason-wild-netlify\public\journeys\the-untamed\Chindeni (6).jpg","2160","1440","623.4"
"C:\Users\ZannonJames\OneDrive - Quintana Minerals Corporation\Documents\proj\mason-wild-netlify\public\journeys\the-untamed\Chindeni (3).jpg","2160","1440","598.5"
"C:\Users\ZannonJames\OneDrive - Quintana Minerals Corporation\Documents\proj\mason-wild-netlify\public\journeys\the-private-circuit\SV (12).jpg","2160","1440","472.1"
"C:\Users\ZannonJames\OneDrive - Quintana Minerals Corporation\Documents\proj\mason-wild-netlify\public\journeys\the-adventure\ZO (16).jpg","2160","1440","659"
"C:\Users\ZannonJames\OneDrive - Quintana Minerals Corporation\Documents\proj\mason-wild-netlify\public\journeys\the-adventure\ZO (13).jpg","2160","1440","738.3"
"C:\Users\ZannonJames\OneDrive - Quintana Minerals Corporation\Documents\proj\mason-wild-netlify\public\journeys\the-adventure\ZO (11).jpg","2160","1440","542.6"
"C:\Users\ZannonJames\OneDrive - Quintana Minerals Corporation\Documents\proj\mason-wild-netlify\public\journeys\the-adventure\ZO (7).jpg","2160","1440","484.9"
"C:\Users\ZannonJames\OneDrive - Quintana Minerals Corporation\Documents\proj\mason-wild-netlify\public\journeys\the-adventure\ZO (5).jpg","2160","1440","732.4"
"C:\Users\ZannonJames\OneDrive - Quintana Minerals Corporation\Documents\proj\mason-wild-netlify\public\journeys\the-adventure\ZO (3).jpg","2160","1440","827.7"
"C:\Users\ZannonJames\OneDrive - Quintana Minerals Corporation\Documents\proj\mason-wild-netlify\public\journeys\the-romantic.jpg","2160","1440","632.9"
"C:\Users\ZannonJames\OneDrive - Quintana Minerals Corporation\Documents\proj\mason-wild-netlify\public\journeys\the-adventure\Wilderness Desert Rhino Camp (9).jpg","2160","1440","366.7"
"C:\Users\ZannonJames\OneDrive - Quintana Minerals Corporation\Documents\proj\mason-wild-netlify\public\journeys\the-adventure\Wilderness Desert Rhino Camp (8).jpg","2160","1440","362.3"
"C:\Users\ZannonJames\OneDrive - Quintana Minerals Corporation\Documents\proj\mason-wild-netlify\public\journal\private-conservancies-vs-national-parks\supporting.jpg","2160","1440","311.6"
"C:\Users\ZannonJames\OneDrive - Quintana Minerals Corporation\Documents\proj\mason-wild-netlify\public\journal\private-travel-owes-conservation\section-coexistence.jpg","2160","1440","450.2"
"C:\Users\ZannonJames\OneDrive - Quintana Minerals Corporation\Documents\proj\mason-wild-netlify\public\journeys\the-adventure\ZO (1).jpg","2160","1440","611.2"
"C:\Users\ZannonJames\OneDrive - Quintana Minerals Corporation\Documents\proj\mason-wild-netlify\public\journeys\the-adventure\ZS (7).jpg","2160","1440","525.2"
"C:\Users\ZannonJames\OneDrive - Quintana Minerals Corporation\Documents\proj\mason-wild-netlify\public\journeys\the-adventure\ZS (6).jpg","2160","1440","466.3"
"C:\Users\ZannonJames\OneDrive - Quintana Minerals Corporation\Documents\proj\mason-wild-netlify\public\journeys\the-adventure\ZS (4).jpg","2160","1440","455.1"
"C:\Users\ZannonJames\OneDrive - Quintana Minerals Corporation\Documents\proj\mason-wild-netlify\public\journal\lgbtq-travel-southern-africa\botswana.jpg","2160","1440","222.7"
"C:\Users\ZannonJames\OneDrive - Quintana Minerals Corporation\Documents\proj\mason-wild-netlify\public\journal\lgbtq-travel-southern-africa\south-africa.jpg","2160","1440","506.1"
"C:\Users\ZannonJames\OneDrive - Quintana Minerals Corporation\Documents\proj\mason-wild-netlify\public\journeys\the-adventure\ZS (8).jpg","2160","1440","547"
"C:\Users\ZannonJames\OneDrive - Quintana Minerals Corporation\Documents\proj\mason-wild-netlify\public\journeys\the-adventure\ZS (1).jpg","2160","1440","264.1"
"C:\Users\ZannonJames\OneDrive - Quintana Minerals Corporation\Documents\proj\mason-wild-netlify\public\journeys\the-adventure\ZS (1).jpeg","2160","1440","292.3"
"C:\Users\ZannonJames\OneDrive - Quintana Minerals Corporation\Documents\proj\mason-wild-netlify\public\journeys\the-adventure\ZO (9).jpg","2160","1440","607.6"
"C:\Users\ZannonJames\OneDrive - Quintana Minerals Corporation\Documents\proj\mason-wild-netlify\public\journeys\the-adventure\ZS (3).jpg","2160","1440","467.4"
"C:\Users\ZannonJames\OneDrive - Quintana Minerals Corporation\Documents\proj\mason-wild-netlify\public\journeys\the-adventure\ZS (2).jpg","2160","1440","514.1"
"C:\Users\ZannonJames\OneDrive - Quintana Minerals Corporation\Documents\proj\mason-wild-netlify\public\journeys\the-adventure\ZS (10).jpg","2160","1440","356.7"
"C:\Users\ZannonJames\OneDrive - Quintana Minerals Corporation\Documents\proj\mason-wild-netlify\public\journeys\the-adventure\Wilderness Desert Rhino Camp (7).jpg","2160","1440","617.7"
"C:\Users\ZannonJames\OneDrive - Quintana Minerals Corporation\Documents\proj\mason-wild-netlify\public\journeys\the-adventure\Camissa House Cape Town_4.jpg","2160","1440","374.7"
"C:\Users\ZannonJames\OneDrive - Quintana Minerals Corporation\Documents\proj\mason-wild-netlify\public\journeys\the-adventure\Little Ongava (14).jpg","2160","1440","401.8"
"C:\Users\ZannonJames\OneDrive - Quintana Minerals Corporation\Documents\proj\mason-wild-netlify\public\journeys\the-adventure\Little Ongava (12).JPG","2160","1440","993.7"
"C:\Users\ZannonJames\OneDrive - Quintana Minerals Corporation\Documents\proj\mason-wild-netlify\public\journeys\the-adventure\Little Ongava (6).jpg","2160","1440","477.5"
"C:\Users\ZannonJames\OneDrive - Quintana Minerals Corporation\Documents\proj\mason-wild-netlify\public\journeys\the-adventure\Little Ongava (5).JPG","2160","1440","728.9"
"C:\Users\ZannonJames\OneDrive - Quintana Minerals Corporation\Documents\proj\mason-wild-netlify\public\journeys\the-adventure\Little Ongava (4).JPG","2160","1440","943.1"
"C:\Users\ZannonJames\OneDrive - Quintana Minerals Corporation\Documents\proj\mason-wild-netlify\public\journeys\the-adventure\Little Ongava (1).JPG","2160","1440","478.2"
"C:\Users\ZannonJames\OneDrive - Quintana Minerals Corporation\Documents\proj\mason-wild-netlify\public\journeys\the-adventure\Camissa House Cape Town_7.jpg","2160","1440","307.6"
"C:\Users\ZannonJames\OneDrive - Quintana Minerals Corporation\Documents\proj\mason-wild-netlify\public\journeys\the-adventure\Camissa House Cape Town_8.jpg","2160","1440","317"
"C:\Users\ZannonJames\OneDrive - Quintana Minerals Corporation\Documents\proj\mason-wild-netlify\public\journeys\the-adventure\Camissa House Cape Town_5.jpg","2160","1440","362.7"
"C:\Users\ZannonJames\OneDrive - Quintana Minerals Corporation\Documents\proj\mason-wild-netlify\public\journeys\the-adventure\Camissa House Cape Town_6.jpg","2160","1440","237.3"
"C:\Users\ZannonJames\OneDrive - Quintana Minerals Corporation\Documents\proj\mason-wild-netlify\public\journeys\the-adventure\Little Ongava (10).jpg","2160","1440","453.5"
"C:\Users\ZannonJames\OneDrive - Quintana Minerals Corporation\Documents\proj\mason-wild-netlify\public\journeys\the-adventure\Wilderness Desert Rhino Camp (19).jpg","2160","1440","317.2"
"C:\Users\ZannonJames\OneDrive - Quintana Minerals Corporation\Documents\proj\mason-wild-netlify\public\journeys\the-adventure\Wilderness Desert Rhino Camp (18).jpg","2160","1440","407.9"
"C:\Users\ZannonJames\OneDrive - Quintana Minerals Corporation\Documents\proj\mason-wild-netlify\public\journeys\the-adventure\Camissa House Cape Town_1.jpg","2160","1440","609.5"
"C:\Users\ZannonJames\OneDrive - Quintana Minerals Corporation\Documents\proj\mason-wild-netlify\public\journeys\the-adventure\Wilderness Desert Rhino Camp (5).jpg","2160","1440","371.9"
"C:\Users\ZannonJames\OneDrive - Quintana Minerals Corporation\Documents\proj\mason-wild-netlify\public\journeys\the-adventure\Wilderness Desert Rhino Camp (4).jpg","2160","1440","383.6"
"C:\Users\ZannonJames\OneDrive - Quintana Minerals Corporation\Documents\proj\mason-wild-netlify\public\journeys\the-adventure\Wilderness Desert Rhino Camp (3).jpg","2160","1440","114.6"
"C:\Users\ZannonJames\OneDrive - Quintana Minerals Corporation\Documents\proj\mason-wild-netlify\public\journeys\the-adventure\Wilderness Desert Rhino Camp (11).jpg","2160","1440","471"
"C:\Users\ZannonJames\OneDrive - Quintana Minerals Corporation\Documents\proj\mason-wild-netlify\public\journeys\the-adventure\Wilderness Desert Rhino Camp (10).jpg","2160","1440","425.6"
"C:\Users\ZannonJames\OneDrive - Quintana Minerals Corporation\Documents\proj\mason-wild-netlify\public\journeys\the-adventure\Wilderness Desert Rhino Camp (1).jpg","2160","1440","381.5"
"C:\Users\ZannonJames\OneDrive - Quintana Minerals Corporation\Documents\proj\mason-wild-netlify\public\journeys\the-adventure\Wilderness Desert Rhino Camp (14).jpg","2160","1440","188.6"
"C:\Users\ZannonJames\OneDrive - Quintana Minerals Corporation\Documents\proj\mason-wild-netlify\public\journeys\the-adventure\Camissa House Cape Town_3.jpg","2160","1440","392.4"
"C:\Users\ZannonJames\OneDrive - Quintana Minerals Corporation\Documents\proj\mason-wild-netlify\public\journeys\the-adventure\Wilderness Desert Rhino Camp (12).jpg","2160","1440","609.1"
"C:\Users\ZannonJames\OneDrive - Quintana Minerals Corporation\Documents\proj\mason-wild-netlify\public\journeys\the-intimate\updates\delta-plunge-pool.jpg","2160","1440","573.6"
"C:\Users\ZannonJames\OneDrive - Quintana Minerals Corporation\Documents\proj\mason-wild-netlify\public\journeys\the-intimate\updates\delta-lilies-camp.jpg","2160","1440","458.5"
"C:\Users\ZannonJames\OneDrive - Quintana Minerals Corporation\Documents\proj\mason-wild-netlify\public\journeys\the-private-circuit\SM (10).jpg","2160","1440","488"
"C:\Users\ZannonJames\OneDrive - Quintana Minerals Corporation\Documents\proj\mason-wild-netlify\public\journeys\the-untamed\Zungulila (9).jpg","2160","1440","909.5"
"C:\Users\ZannonJames\OneDrive - Quintana Minerals Corporation\Documents\proj\mason-wild-netlify\public\journeys\the-intimate\updates\delta-flamingos.jpg","2160","1440","692.3"
"C:\Users\ZannonJames\OneDrive - Quintana Minerals Corporation\Documents\proj\mason-wild-netlify\public\journeys\the-intimate\makgadikgadi-dusk.jpg","2160","1440","194.1"
"C:\Users\ZannonJames\OneDrive - Quintana Minerals Corporation\Documents\proj\mason-wild-netlify\public\journal\destination-notes-south-africa\cape-town.jpg","2160","1440","537"
"C:\Users\ZannonJames\OneDrive - Quintana Minerals Corporation\Documents\proj\mason-wild-netlify\public\journeys\the-intimate\updates\delta-elephant-tree.jpg","2160","1440","664.8"
"C:\Users\ZannonJames\OneDrive - Quintana Minerals Corporation\Documents\proj\mason-wild-netlify\public\journeys\the-intimate\updates\delta-camp-exterior.jpg","2160","1440","666.5"
"C:\Users\ZannonJames\OneDrive - Quintana Minerals Corporation\Documents\proj\mason-wild-netlify\public\journeys\the-private-circuit\SM (11).jpg","2160","1440","677.1"
"C:\Users\ZannonJames\OneDrive - Quintana Minerals Corporation\Documents\proj\mason-wild-netlify\public\journeys\the-private-circuit\SS (7).jpg","2160","1440","544.1"
"C:\Users\ZannonJames\OneDrive - Quintana Minerals Corporation\Documents\proj\mason-wild-netlify\public\journeys\the-private-circuit\SS (6).jpg","2160","1440","193.5"
"C:\Users\ZannonJames\OneDrive - Quintana Minerals Corporation\Documents\proj\mason-wild-netlify\public\journeys\the-adventure\Wilderness Desert Rhino Camp (16).jpg","2160","1440","732.4"
"C:\Users\ZannonJames\OneDrive - Quintana Minerals Corporation\Documents\proj\mason-wild-netlify\public\journeys\the-private-circuit\SS (8).jpg","2160","1440","414.5"
"C:\Users\ZannonJames\OneDrive - Quintana Minerals Corporation\Documents\proj\mason-wild-netlify\public\journeys\the-private-circuit\SM (9).jpg","2160","1440","447.2"
"C:\Users\ZannonJames\OneDrive - Quintana Minerals Corporation\Documents\proj\mason-wild-netlify\public\journeys\the-private-circuit\SM (16).jpg","2160","1440","431.8"
"C:\Users\ZannonJames\OneDrive - Quintana Minerals Corporation\Documents\proj\mason-wild-netlify\public\journeys\the-private-circuit\SM (12).jpg","2160","1440","604.1"
"C:\Users\ZannonJames\OneDrive - Quintana Minerals Corporation\Documents\proj\mason-wild-netlify\public\home\private-circuit.jpg","2160","1440","525.2"
"C:\Users\ZannonJames\OneDrive - Quintana Minerals Corporation\Documents\proj\mason-wild-netlify\public\journeys\the-private-circuit\SM (8).jpg","2160","1440","379.1"
"C:\Users\ZannonJames\OneDrive - Quintana Minerals Corporation\Documents\proj\mason-wild-netlify\public\journeys\the-classic\simbavati-waterside-bush-dinner.jpg","2160","1440","629.7"
"C:\Users\ZannonJames\OneDrive - Quintana Minerals Corporation\Documents\proj\mason-wild-netlify\public\journal\destination-notes-tanzania\ngorongoro.jpg","2160","1440","474.4"
"C:\Users\ZannonJames\OneDrive - Quintana Minerals Corporation\Documents\proj\mason-wild-netlify\public\journeys\the-classic\simbavati-waterside-small-boma.jpg","2160","1440","539.6"
"C:\Users\ZannonJames\OneDrive - Quintana Minerals Corporation\Documents\proj\mason-wild-netlify\public\journeys\the-classic\simbavati-waterside-small-boma.jpeg","2160","1440","397.1"
"C:\Users\ZannonJames\OneDrive - Quintana Minerals Corporation\Documents\proj\mason-wild-netlify\public\journeys\the-classic\mbano-manor-suite.jpg","2160","1440","492.7"
"C:\Users\ZannonJames\OneDrive - Quintana Minerals Corporation\Documents\proj\mason-wild-netlify\public\journeys\the-classic\mbano-manor-exterior.jpg","2160","1440","837.3"
"C:\Users\ZannonJames\OneDrive - Quintana Minerals Corporation\Documents\proj\mason-wild-netlify\public\journeys\the-classic\simbavati-waterside-boma.jpg","2160","1440","539.6"
"C:\Users\ZannonJames\OneDrive - Quintana Minerals Corporation\Documents\proj\mason-wild-netlify\public\journeys\the-classic\pineapple-house-exterior.jpg","2160","1440","266.3"
"C:\Users\ZannonJames\OneDrive - Quintana Minerals Corporation\Documents\proj\mason-wild-netlify\public\journeys\the-classic\collage-mbano-pool-night.jpg","2160","1440","686.8"
"C:\Users\ZannonJames\OneDrive - Quintana Minerals Corporation\Documents\proj\mason-wild-netlify\public\journeys\the-classic\collage-mbano-river-boat.jpeg","2160","1440","439.6"
"C:\Users\ZannonJames\OneDrive - Quintana Minerals Corporation\Documents\proj\mason-wild-netlify\public\journeys\the-classic\collage-kruger-lion-drive.jpg","2160","1440","549.3"
"C:\Users\ZannonJames\OneDrive - Quintana Minerals Corporation\Documents\proj\mason-wild-netlify\public\journal\destination-notes-south-africa\hero.jpg","2160","1440","439.4"
"C:\Users\ZannonJames\OneDrive - Quintana Minerals Corporation\Documents\proj\mason-wild-netlify\public\journal\destination-notes-tanzania\serengeti.jpg","2160","1440","488"
"C:\Users\ZannonJames\OneDrive - Quintana Minerals Corporation\Documents\proj\mason-wild-netlify\public\journeys\the-classic\mbano-manor-bath-detail.jpg","2160","1440","626.6"
"C:\Users\ZannonJames\OneDrive - Quintana Minerals Corporation\Documents\proj\mason-wild-netlify\public\journal\destination-notes-tanzania\zanzibar.jpg","2160","1440","626.3"
"C:\Users\ZannonJames\OneDrive - Quintana Minerals Corporation\Documents\proj\mason-wild-netlify\public\journal\destination-notes-south-africa\safari.jpg","2160","1440","724.4"
"C:\Users\ZannonJames\OneDrive - Quintana Minerals Corporation\Documents\proj\mason-wild-netlify\public\journeys\the-adventure\ZO (14).jpg","2161","1440","649"
"C:\Users\ZannonJames\OneDrive - Quintana Minerals Corporation\Documents\proj\mason-wild-netlify\public\journeys\the-intimate\jacks-camp-exterior.jpg","2161","1440","751.5"
"C:\Users\ZannonJames\OneDrive - Quintana Minerals Corporation\Documents\proj\mason-wild-netlify\public\journeys\the-adventure\ZO (10).jpg","2161","1440","522.9"
"C:\Users\ZannonJames\OneDrive - Quintana Minerals Corporation\Documents\proj\mason-wild-netlify\public\home\exclusivity-details.jpg","2162","1440","1183.2"
"C:\Users\ZannonJames\OneDrive - Quintana Minerals Corporation\Documents\proj\mason-wild-netlify\public\journeys\the-adventure\Little Ongava (1).jpeg","2162","1440","284.9"
"C:\Users\ZannonJames\OneDrive - Quintana Minerals Corporation\Documents\proj\mason-wild-netlify\public\journeys\the-untamed\KuKaya (1).jpg","2162","1440","422.1"
"C:\Users\ZannonJames\OneDrive - Quintana Minerals Corporation\Documents\proj\mason-wild-netlify\public\journeys\the-adventure\ZS (11).jpg","2162","1440","290.9"
"C:\Users\ZannonJames\OneDrive - Quintana Minerals Corporation\Documents\proj\mason-wild-netlify\public\journeys\the-adventure\ZS (13).jpg","2162","1440","419.3"
"C:\Users\ZannonJames\OneDrive - Quintana Minerals Corporation\Documents\proj\mason-wild-netlify\public\journeys\the-adventure\Wilderness Desert Rhino Camp (15).jpg","2163","1440","401.2"
"C:\Users\ZannonJames\OneDrive - Quintana Minerals Corporation\Documents\proj\mason-wild-netlify\public\journeys\the-untamed\Chindeni (5).jpg","2163","1440","328.6"
"C:\Users\ZannonJames\OneDrive - Quintana Minerals Corporation\Documents\proj\mason-wild-netlify\public\journeys\the-untamed\11.jpg","2164","1440","638.8"
"C:\Users\ZannonJames\OneDrive - Quintana Minerals Corporation\Documents\proj\mason-wild-netlify\public\journeys\the-private-circuit\SS (1).jpg","2164","1440","377.1"
"C:\Users\ZannonJames\OneDrive - Quintana Minerals Corporation\Documents\proj\mason-wild-netlify\public\journeys\the-untamed\Chindeni (1).jpg","2164","1440","669.1"
"C:\Users\ZannonJames\OneDrive - Quintana Minerals Corporation\Documents\proj\mason-wild-netlify\public\journeys\the-private-circuit\SM (17).jpg","2164","1440","466.4"
"C:\Users\ZannonJames\OneDrive - Quintana Minerals Corporation\Documents\proj\mason-wild-netlify\public\journeys\the-untamed\Zungulila (1).jpg","2164","1440","417.6"
"C:\Users\ZannonJames\OneDrive - Quintana Minerals Corporation\Documents\proj\mason-wild-netlify\public\journeys\the-untamed\15.jpg","2164","1440","753.2"
"C:\Users\ZannonJames\OneDrive - Quintana Minerals Corporation\Documents\proj\mason-wild-netlify\public\journeys\the-untamed\10.jpg","2164","1440","522.3"
"C:\Users\ZannonJames\OneDrive - Quintana Minerals Corporation\Documents\proj\mason-wild-netlify\public\journeys\the-untamed\Zungulila (2).jpg","2164","1440","391.5"
"C:\Users\ZannonJames\OneDrive - Quintana Minerals Corporation\Documents\proj\mason-wild-netlify\public\journeys\the-private-circuit\SM (5).jpg","2164","1440","309.5"
"C:\Users\ZannonJames\OneDrive - Quintana Minerals Corporation\Documents\proj\mason-wild-netlify\public\journeys\the-private-circuit\SM (19).jpg","2164","1440","466.4"
"C:\Users\ZannonJames\OneDrive - Quintana Minerals Corporation\Documents\proj\mason-wild-netlify\public\journeys\the-untamed\Zungulila (17).jpg","2164","1440","387.6"
"C:\Users\ZannonJames\OneDrive - Quintana Minerals Corporation\Documents\proj\mason-wild-netlify\public\journeys\the-private-circuit\SM (18).jpg","2164","1440","297.4"
"C:\Users\ZannonJames\OneDrive - Quintana Minerals Corporation\Documents\proj\mason-wild-netlify\public\journeys\the-untamed\Zungulila (3).jpg","2164","1440","313.2"
"C:\Users\ZannonJames\OneDrive - Quintana Minerals Corporation\Documents\proj\mason-wild-netlify\public\journeys\the-untamed\Zungulila (11).jpg","2164","1440","699.2"
"C:\Users\ZannonJames\OneDrive - Quintana Minerals Corporation\Documents\proj\mason-wild-netlify\public\journeys\the-untamed\1.jpg","2164","1440","417.6"
"C:\Users\ZannonJames\OneDrive - Quintana Minerals Corporation\Documents\proj\mason-wild-netlify\public\journeys\the-untamed\Zungulila (13).jpg","2164","1440","608.7"
"C:\Users\ZannonJames\OneDrive - Quintana Minerals Corporation\Documents\proj\mason-wild-netlify\public\journeys\the-private-circuit\SV (9).jpg","2164","1440","636.1"
"C:\Users\ZannonJames\OneDrive - Quintana Minerals Corporation\Documents\proj\mason-wild-netlify\public\journeys\the-untamed\14.jpg","2168","1440","263.8"
"C:\Users\ZannonJames\OneDrive - Quintana Minerals Corporation\Documents\proj\mason-wild-netlify\public\journeys\the-private-circuit\SV (11).jpg","2171","1440","273.8"
"C:\Users\ZannonJames\OneDrive - Quintana Minerals Corporation\Documents\proj\mason-wild-netlify\public\journeys\the-romantic\BBL (9).jpg","2183","1440","290.1"
"C:\Users\ZannonJames\OneDrive - Quintana Minerals Corporation\Documents\proj\mason-wild-netlify\public\journeys\the-romantic\BBL (20).jpg","2187","1440","336.5"
"C:\Users\ZannonJames\OneDrive - Quintana Minerals Corporation\Documents\proj\mason-wild-netlify\public\journeys\the-private-circuit\SM (4).jpg","2197","1440","366.3"
"C:\Users\ZannonJames\OneDrive - Quintana Minerals Corporation\Documents\proj\mason-wild-netlify\public\journeys\the-intimate\makgadikgadi-horseback.jpg","2202","1440","418.4"
"C:\Users\ZannonJames\OneDrive - Quintana Minerals Corporation\Documents\proj\mason-wild-netlify\public\journeys\the-private-circuit\SV (7).jpg","2205","1136","194.2"
"C:\Users\ZannonJames\OneDrive - Quintana Minerals Corporation\Documents\proj\mason-wild-netlify\public\journeys\the-untamed\Zungulila (15).jpg","2218","1440","542.3"
"C:\Users\ZannonJames\OneDrive - Quintana Minerals Corporation\Documents\proj\mason-wild-netlify\public\journeys\the-private-circuit\SV (10).jpg","2219","1440","364.6"
"C:\Users\ZannonJames\OneDrive - Quintana Minerals Corporation\Documents\proj\mason-wild-netlify\public\journeys\the-untamed\Zungulila (7).jpg","2233","1440","445.1"
"C:\Users\ZannonJames\OneDrive - Quintana Minerals Corporation\Documents\proj\mason-wild-netlify\public\journeys\the-intimate\dukes-east-pool-deck.jpg","2252","1440","368.8"
"C:\Users\ZannonJames\OneDrive - Quintana Minerals Corporation\Documents\proj\mason-wild-netlify\public\journeys\the-untamed\Zungulila (16).jpg","2270","1440","754.8"
"C:\Users\ZannonJames\OneDrive - Quintana Minerals Corporation\Documents\proj\mason-wild-netlify\public\journeys\the-untamed\5.jpg","2270","1440","754.8"
"C:\Users\ZannonJames\OneDrive - Quintana Minerals Corporation\Documents\proj\mason-wild-netlify\public\journeys\the-intimate\dukes-east-suite-interior.jpg","2291","1440","722.9"
"C:\Users\ZannonJames\OneDrive - Quintana Minerals Corporation\Documents\proj\mason-wild-netlify\public\journal\solitude-architecture-of-silence-namibia\architecture.jpg","2304","1440","608.5"
"C:\Users\ZannonJames\OneDrive - Quintana Minerals Corporation\Documents\proj\mason-wild-netlify\public\journeys\the-adventure\Little Ongava (15).JPG","2310","1440","785.2"
"C:\Users\ZannonJames\OneDrive - Quintana Minerals Corporation\Documents\proj\mason-wild-netlify\public\journeys\the-classic\hero-elephant-sunset.jpg","2318","1440","332.4"
"C:\Users\ZannonJames\OneDrive - Quintana Minerals Corporation\Documents\proj\mason-wild-netlify\public\journeys\the-adventure\ZS (9).jpg","2323","1440","341"
"C:\Users\ZannonJames\OneDrive - Quintana Minerals Corporation\Documents\proj\mason-wild-netlify\public\journeys\the-untamed\KuKaya (2).jpg","2352","1440","530.9"
"C:\Users\ZannonJames\OneDrive - Quintana Minerals Corporation\Documents\proj\mason-wild-netlify\public\journeys\the-intimate\updates\delta-leopard.jpg","2366","1440","530.7"
"C:\Users\ZannonJames\OneDrive - Quintana Minerals Corporation\Documents\proj\mason-wild-netlify\public\journeys\the-adventure\Little Ongava (11).jpg","2433","1440","458.6"
"C:\Users\ZannonJames\OneDrive - Quintana Minerals Corporation\Documents\proj\mason-wild-netlify\public\journeys\the-adventure\Wilderness Desert Rhino Camp (13).jpg","2438","1440","186.4"
"C:\Users\ZannonJames\OneDrive - Quintana Minerals Corporation\Documents\proj\mason-wild-netlify\public\journeys\the-untamed\12.jpg","2504","1440","872.9"
"C:\Users\ZannonJames\OneDrive - Quintana Minerals Corporation\Documents\proj\mason-wild-netlify\public\journeys\the-adventure\Camissa House Cape Town.jpg","2560","1021","474.3"
"C:\Users\ZannonJames\OneDrive - Quintana Minerals Corporation\Documents\proj\mason-wild-netlify\public\journeys\the-untamed\6.jpg","2560","1091","434.1"
"C:\Users\ZannonJames\OneDrive - Quintana Minerals Corporation\Documents\proj\mason-wild-netlify\public\journeys\the-adventure\ZS (12).jpg","2560","1198","405.2"
"C:\Users\ZannonJames\OneDrive - Quintana Minerals Corporation\Documents\proj\mason-wild-netlify\public\journal\destination-notes-south-africa\winelands.jpg","2560","1281","519.1"
"C:\Users\ZannonJames\OneDrive - Quintana Minerals Corporation\Documents\proj\mason-wild-netlify\public\home\the-intimate.jpg","2560","1416","349.8"
"C:\Users\ZannonJames\OneDrive - Quintana Minerals Corporation\Documents\proj\mason-wild-netlify\public\journeys\the-intimate\updates\delta-treehouse-suite.jpg","2560","1438","839.5"
"C:\Users\ZannonJames\OneDrive - Quintana Minerals Corporation\Documents\proj\mason-wild-netlify\public\journeys\the-intimate\dukes-east-delta-boat.jpg","2560","1438","579.7"
"C:\Users\ZannonJames\OneDrive - Quintana Minerals Corporation\Documents\proj\mason-wild-netlify\public\journal\private-travel-owes-conservation\section-land.jpeg","2560","1440","1155.4"
"C:\Users\ZannonJames\OneDrive - Quintana Minerals Corporation\Documents\proj\mason-wild-netlify\public\journeys\the-untamed\Chindeni (7).jpg","2560","1440","501.9"
"C:\Users\ZannonJames\OneDrive - Quintana Minerals Corporation\Documents\proj\mason-wild-netlify\public\journeys\the-intimate\dukes-east-lechwe.jpg","2560","1440","533.9"
"C:\Users\ZannonJames\OneDrive - Quintana Minerals Corporation\Documents\proj\mason-wild-netlify\public\journeys\the-untamed\KuKaya (12).jpg","2560","1440","1077.1"
"C:\Users\ZannonJames\OneDrive - Quintana Minerals Corporation\Documents\proj\mason-wild-netlify\public\journeys\the-untamed\KuKaya (10).jpg","2560","1440","659.9"
"C:\Users\ZannonJames\OneDrive - Quintana Minerals Corporation\Documents\proj\mason-wild-netlify\public\journal\solitude-architecture-of-silence-namibia\experience-two.jpg","2560","1707","117.8"
"C:\Users\ZannonJames\OneDrive - Quintana Minerals Corporation\Documents\proj\mason-wild-netlify\public\journeys\the-social-shift\FF (3).jpg","2600","1702","931"
"C:\Users\ZannonJames\OneDrive - Quintana Minerals Corporation\Documents\proj\mason-wild-netlify\public\journal\cape-town-gay-capital-of-africa\hero.jpg","2600","1733","736.6"
"C:\Users\ZannonJames\OneDrive - Quintana Minerals Corporation\Documents\proj\mason-wild-netlify\public\journeys\the-classic\mbano-manor-card.jpg","2600","1798","699.5"
"C:\Users\ZannonJames\OneDrive - Quintana Minerals Corporation\Documents\proj\mason-wild-netlify\public\journeys\the-social-shift\FF (1).jpg","2600","1950","1328.5"
"C:\Users\ZannonJames\OneDrive - Quintana Minerals Corporation\Documents\proj\mason-wild-netlify\public\journeys\the-private-circuit\vetted-serengeti-optimized.jpg","3024","4032","1606"
"C:\Users\ZannonJames\OneDrive - Quintana Minerals Corporation\Documents\proj\mason-wild-netlify\public\about\zannon-about.jpg","3024","4032","2456.4"
"C:\Users\ZannonJames\OneDrive - Quintana Minerals Corporation\Documents\proj\mason-wild-netlify\public\home\zannon-home-page.jpg","3072","2048","3929.5"
"C:\Users\ZannonJames\OneDrive - Quintana Minerals Corporation\Documents\proj\mason-wild-netlify\public\journal\privacy-is-a-luxury\hero.jpg","3118","2080","1515.2"
"C:\Users\ZannonJames\OneDrive - Quintana Minerals Corporation\Documents\proj\mason-wild-netlify\public\journal\the-best-luxury-travel-feels-edited\hero.jpg","3238","2160","562.7"
"C:\Users\ZannonJames\OneDrive - Quintana Minerals Corporation\Documents\proj\mason-wild-netlify\public\journal\destination-notes-botswana\salt-pan.jpg","3240","2160","909.2"
"C:\Users\ZannonJames\OneDrive - Quintana Minerals Corporation\Documents\proj\mason-wild-netlify\public\journal\destination-notes-botswana\okavango-delta.jpg","3240","2160","1542.3"
"C:\Users\ZannonJames\OneDrive - Quintana Minerals Corporation\Documents\proj\mason-wild-netlify\public\journal\destination-notes-botswana\savute-firepit.jpg","3240","2160","753.8"
"C:\Users\ZannonJames\OneDrive - Quintana Minerals Corporation\Documents\proj\mason-wild-netlify\public\journal\destination-notes-botswana\hero.jpg","3242","2160","668.4"
"C:\Users\ZannonJames\OneDrive - Quintana Minerals Corporation\Documents\proj\mason-wild-netlify\public\journeys\journeys-hero-bath.jpg","3500","1533","4238.5"
"C:\Users\ZannonJames\OneDrive - Quintana Minerals Corporation\Documents\proj\mason-wild-netlify\public\journeys\the-romantic\vetted-monwana-optimized.jpg","3672","4896","2054.2"
"C:\Users\ZannonJames\OneDrive - Quintana Minerals Corporation\Documents\proj\mason-wild-netlify\public\journeys\the-untamed\16.jpg","3855","2484","8756.4"
"C:\Users\ZannonJames\OneDrive - Quintana Minerals Corporation\Documents\proj\mason-wild-netlify\public\journal\what-conservation-looks-like-when-it-is-working\community.jpg","3999","2662","1222.3"
"C:\Users\ZannonJames\OneDrive - Quintana Minerals Corporation\Documents\proj\mason-wild-netlify\public\journeys\the-social-shift\FF (4).jpg","4032","2891","8408.7"
"C:\Users\ZannonJames\OneDrive - Quintana Minerals Corporation\Documents\proj\mason-wild-netlify\public\journeys\the-untamed\vetted-south-luangwa-optimized.jpg","4284","5712","2870.1"
"C:\Users\ZannonJames\OneDrive - Quintana Minerals Corporation\Documents\proj\mason-wild-netlify\public\journal\journal-feature.jpg","4284","5712","6239.9"
"C:\Users\ZannonJames\OneDrive - Quintana Minerals Corporation\Documents\proj\mason-wild-netlify\public\journal\culture-is-not-an-add-on\urban.jpg","4380","6570","4718.6"
"C:\Users\ZannonJames\OneDrive - Quintana Minerals Corporation\Documents\proj\mason-wild-netlify\public\journal\cape-town-gay-capital-of-africa\city-hero.jpg","4608","3072","2129.9"
"C:\Users\ZannonJames\OneDrive - Quintana Minerals Corporation\Documents\proj\mason-wild-netlify\public\journal\choosing-africa-with-intention\hero.jpg","4608","3072","2129.9"
"C:\Users\ZannonJames\OneDrive - Quintana Minerals Corporation\Documents\proj\mason-wild-netlify\public\journal\culture-is-not-an-add-on\hero.jpg","5616","3744","2522.7"
